date,open,high,low,close,volume,ma50,ma200
2026-07-13 13:25:00,10.51,10.52,10.51,10.52,1203000,,
2026-07-13 13:30:00,10.52,10.53,10.51,10.52,1059476,,
2026-07-13 13:35:00,10.51,10.52,10.5,10.5,1701800,,
2026-07-13 13:40:00,10.5,10.54,10.49,10.53,1823902,,
2026-07-13 13:45:00,10.53,10.53,10.51,10.51,607100,,
2026-07-13 13:50:00,10.51,10.53,10.51,10.52,1006300,,
2026-07-13 13:55:00,10.52,10.53,10.51,10.52,975600,,
2026-07-13 14:00:00,10.51,10.53,10.51,10.53,829300,,
2026-07-13 14:05:00,10.52,10.54,10.52,10.54,1747577,,
2026-07-13 14:10:00,10.53,10.54,10.52,10.54,733900,,
2026-07-13 14:15:00,10.53,10.54,10.52,10.53,1144200,,
2026-07-13 14:20:00,10.53,10.53,10.52,10.52,744020,,
2026-07-13 14:25:00,10.52,10.54,10.52,10.53,1367400,,
2026-07-13 14:30:00,10.53,10.54,10.52,10.54,1168300,,
2026-07-13 14:35:00,10.53,10.54,10.53,10.54,1903480,,
2026-07-13 14:40:00,10.53,10.54,10.52,10.54,2350500,,
2026-07-13 14:45:00,10.54,10.55,10.53,10.54,2092480,,
2026-07-13 14:50:00,10.54,10.55,10.53,10.54,1627864,,
2026-07-13 14:55:00,10.53,10.55,10.53,10.55,3395100,,
2026-07-13 15:00:00,10.55,10.55,10.54,10.54,2126924,,
2026-07-14 09:35:00,10.53,10.56,10.48,10.56,6254500,,
2026-07-14 09:40:00,10.56,10.56,10.5,10.56,2969775,,
2026-07-14 09:45:00,10.57,10.58,10.54,10.54,4511300,,
2026-07-14 09:50:00,10.53,10.6,10.53,10.59,4221530,,
2026-07-14 09:55:00,10.59,10.59,10.55,10.56,4386500,,
2026-07-14 10:00:00,10.56,10.6,10.56,10.59,2895800,,
2026-07-14 10:05:00,10.6,10.6,10.58,10.59,1272400,,
2026-07-14 10:10:00,10.59,10.61,10.59,10.6,2360840,,
2026-07-14 10:15:00,10.61,10.61,10.59,10.6,1533500,,
2026-07-14 10:20:00,10.61,10.61,10.58,10.58,2248500,,
2026-07-14 10:25:00,10.58,10.6,10.57,10.6,1455300,,
2026-07-14 10:30:00,10.6,10.61,10.59,10.6,2263940,,
2026-07-14 10:35:00,10.61,10.61,10.59,10.6,1292276,,
2026-07-14 10:40:00,10.61,10.62,10.6,10.61,1336700,,
2026-07-14 10:45:00,10.61,10.62,10.6,10.61,955990,,
2026-07-14 10:50:00,10.61,10.62,10.61,10.62,1160000,,
2026-07-14 10:55:00,10.61,10.63,10.61,10.62,4878194,,
2026-07-14 11:00:00,10.62,10.64,10.62,10.64,2337716,,
2026-07-14 11:05:00,10.64,10.64,10.63,10.63,965100,,
2026-07-14 11:10:00,10.63,10.64,10.63,10.64,1510000,,
2026-07-14 11:15:00,10.64,10.65,10.63,10.64,2922300,,
2026-07-14 11:20:00,10.64,10.64,10.63,10.63,1184200,,
2026-07-14 11:25:00,10.64,10.65,10.63,10.65,1784700,,
2026-07-14 11:30:00,10.64,10.65,10.62,10.63,2235700,,
2026-07-14 13:05:00,10.63,10.66,10.59,10.6,8262500,,
2026-07-14 13:10:00,10.6,10.61,10.59,10.6,1737600,,
2026-07-14 13:15:00,10.59,10.6,10.58,10.6,1864500,,
2026-07-14 13:20:00,10.59,10.6,10.57,10.6,2690200,,
2026-07-14 13:25:00,10.61,10.61,10.59,10.6,1210000,,
2026-07-14 13:30:00,10.6,10.6,10.57,10.57,1975500,10.5732,
2026-07-14 13:35:00,10.58,10.58,10.55,10.58,3083459,10.5744,
2026-07-14 13:40:00,10.58,10.6,10.57,10.6,1011400,10.576,
2026-07-14 13:45:00,10.59,10.62,10.59,10.62,1871500,10.578400000000002,
2026-07-14 13:50:00,10.61,10.64,10.61,10.64,1611900,10.580599999999999,
2026-07-14 13:55:00,10.63,10.64,10.63,10.64,1416500,10.5832,
2026-07-14 14:00:00,10.64,10.65,10.63,10.65,1743570,10.585799999999999,
2026-07-14 14:05:00,10.65,10.66,10.64,10.66,2652334,10.5886,
2026-07-14 14:10:00,10.65,10.67,10.65,10.66,2803400,10.5912,
2026-07-14 14:15:00,10.66,10.68,10.66,10.68,2300800,10.594000000000001,
2026-07-14 14:20:00,10.67,10.69,10.67,10.68,3677000,10.596799999999998,
2026-07-14 14:25:00,10.69,10.7,10.68,10.7,3330165,10.6002,
2026-07-14 14:30:00,10.69,10.7,10.68,10.69,2200546,10.603600000000002,
2026-07-14 14:35:00,10.68,10.7,10.68,10.69,2851400,10.6068,
2026-07-14 14:40:00,10.68,10.69,10.68,10.68,2373400,10.6096,
2026-07-14 14:45:00,10.69,10.69,10.67,10.69,2044900,10.6126,
2026-07-14 14:50:00,10.69,10.69,10.68,10.69,1984400,10.615600000000002,
2026-07-14 14:55:00,10.68,10.69,10.67,10.69,3373000,10.618599999999999,
2026-07-14 15:00:00,10.68,10.69,10.67,10.69,2364800,10.6216,
2026-07-15 09:35:00,10.65,10.71,10.63,10.71,8314300,10.6248,
2026-07-15 09:40:00,10.71,10.78,10.7,10.78,5039274,10.6296,
2026-07-15 09:45:00,10.78,10.79,10.76,10.77,6210340,10.6338,
2026-07-15 09:50:00,10.77,10.77,10.71,10.71,2934600,10.6368,
2026-07-15 09:55:00,10.7,10.78,10.7,10.78,2791680,10.6416,
2026-07-15 10:00:00,10.77,10.78,10.75,10.76,1234300,10.645,
2026-07-15 10:05:00,10.75,10.79,10.75,10.79,2211700,10.6496,
2026-07-15 10:10:00,10.78,10.83,10.78,10.83,7090778,10.6544,
2026-07-15 10:15:00,10.83,10.83,10.78,10.8,2652000,10.6586,
2026-07-15 10:20:00,10.79,10.8,10.78,10.8,1199200,10.6626,
2026-07-15 10:25:00,10.8,10.8,10.75,10.76,1832000,10.665799999999999,
2026-07-15 10:30:00,10.76,10.76,10.74,10.75,1216600,10.6692,
2026-07-15 10:35:00,10.75,10.79,10.73,10.77,1533000,10.6726,
2026-07-15 10:40:00,10.77,10.79,10.77,10.78,1123100,10.676200000000001,
2026-07-15 10:45:00,10.78,10.8,10.77,10.78,1315582,10.6798,
2026-07-15 10:50:00,10.79,10.8,10.78,10.8,1142400,10.683600000000002,
2026-07-15 10:55:00,10.8,10.8,10.79,10.8,600079,10.6874,
2026-07-15 11:00:00,10.79,10.81,10.79,10.8,1784300,10.690999999999999,
2026-07-15 11:05:00,10.8,10.81,10.79,10.8,1109500,10.694600000000001,
2026-07-15 11:10:00,10.8,10.81,10.79,10.8,1425800,10.697799999999999,
2026-07-15 11:15:00,10.8,10.81,10.78,10.79,1651500,10.700999999999999,
2026-07-15 11:20:00,10.78,10.8,10.77,10.8,1310800,10.7042,
2026-07-15 11:25:00,10.8,10.81,10.79,10.79,1489900,10.7072,
2026-07-15 11:30:00,10.8,10.81,10.79,10.81,965300,10.7108,
2026-07-15 13:05:00,10.81,10.81,10.78,10.8,2457700,10.713799999999999,
2026-07-15 13:10:00,10.8,10.82,10.8,10.8,1693358,10.717199999999998,
2026-07-15 13:15:00,10.81,10.82,10.81,10.81,1010832,10.721400000000001,
2026-07-15 13:20:00,10.81,10.83,10.8,10.82,2371600,10.725800000000001,
2026-07-15 13:25:00,10.83,10.83,10.81,10.82,1583000,10.7302,
2026-07-15 13:30:00,10.82,10.82,10.8,10.81,1174200,10.7344,
2026-07-15 13:35:00,10.81,10.83,10.81,10.82,1473959,10.7388,
2026-07-15 13:40:00,10.83,10.83,10.82,10.83,726300,10.744000000000002,
2026-07-15 13:45:00,10.82,10.83,10.82,10.83,649120,10.748999999999999,
2026-07-15 13:50:00,10.83,10.87,10.82,10.85,6839000,10.753999999999998,
2026-07-15 13:55:00,10.85,10.86,10.83,10.84,868700,10.7584,
2026-07-15 14:00:00,10.84,10.85,10.83,10.85,1113800,10.762599999999999,
2026-07-15 14:05:00,10.85,10.85,10.84,10.85,860400,10.7668,
2026-07-15 14:10:00,10.85,10.85,10.84,10.84,517200,10.7706,
2026-07-15 14:15:00,10.84,10.85,10.84,10.85,1323200,10.7744,
2026-07-15 14:20:00,10.85,10.85,10.84,10.84,985100,10.777999999999999,
2026-07-15 14:25:00,10.85,10.85,10.84,10.85,868753,10.781400000000001,
2026-07-15 14:30:00,10.84,10.86,10.84,10.86,2443100,10.785,
2026-07-15 14:35:00,10.86,10.86,10.84,10.85,2409900,10.788,
2026-07-15 14:40:00,10.86,10.86,10.85,10.86,1462000,10.7914,
2026-07-15 14:45:00,10.86,10.86,10.84,10.84,1499200,10.794400000000001,
2026-07-15 14:50:00,10.84,10.86,10.84,10.84,2120900,10.7976,
2026-07-15 14:55:00,10.85,10.86,10.84,10.84,2013900,10.8006,
2026-07-15 15:00:00,10.84,10.86,10.84,10.84,1498900,10.8036,
2026-07-16 09:35:00,10.85,10.92,10.81,10.86,11616263,10.807,
2026-07-16 09:40:00,10.85,10.89,10.82,10.84,5490100,10.81,
2026-07-16 09:45:00,10.83,10.88,10.82,10.82,3569300,10.8122,
2026-07-16 09:50:00,10.82,10.82,10.8,10.82,2886900,10.812999999999999,
2026-07-16 09:55:00,10.82,10.84,10.81,10.82,1993100,10.813999999999998,
2026-07-16 10:00:00,10.82,10.82,10.77,10.79,2613400,10.815600000000002,
2026-07-16 10:05:00,10.79,10.8,10.76,10.77,2410600,10.8154,
2026-07-16 10:10:00,10.77,10.77,10.74,10.74,2746185,10.815,
2026-07-16 10:15:00,10.74,10.76,10.72,10.74,3268227,10.814,
2026-07-16 10:20:00,10.75,10.75,10.72,10.74,1788700,10.812199999999997,
2026-07-16 10:25:00,10.74,10.75,10.73,10.74,1247400,10.811,
2026-07-16 10:30:00,10.74,10.75,10.73,10.74,1256500,10.809800000000001,
2026-07-16 10:35:00,10.75,10.79,10.74,10.79,1434804,10.810400000000001,
2026-07-16 10:40:00,10.78,10.8,10.78,10.79,1482900,10.8112,
2026-07-16 10:45:00,10.79,10.8,10.76,10.77,1058300,10.8112,
2026-07-16 10:50:00,10.77,10.78,10.75,10.76,1075700,10.810799999999999,
2026-07-16 10:55:00,10.76,10.77,10.75,10.76,1042110,10.8104,
2026-07-16 11:00:00,10.77,10.78,10.74,10.75,980600,10.809399999999998,
2026-07-16 11:05:00,10.75,10.76,10.74,10.75,808600,10.808399999999999,
2026-07-16 11:10:00,10.75,10.77,10.75,10.77,753900,10.8078,
2026-07-16 11:15:00,10.77,10.78,10.76,10.77,651868,10.8072,
2026-07-16 11:20:00,10.77,10.79,10.77,10.78,1369300,10.8068,
2026-07-16 11:25:00,10.78,10.8,10.77,10.78,843700,10.806600000000001,
2026-07-16 11:30:00,10.79,10.79,10.76,10.78,1069200,10.806199999999999,
2026-07-16 13:05:00,10.77,10.8,10.77,10.78,1548940,10.806000000000001,
2026-07-16 13:10:00,10.77,10.79,10.76,10.79,628700,10.8056,
2026-07-16 13:15:00,10.79,10.8,10.78,10.79,845200,10.805399999999999,
2026-07-16 13:20:00,10.8,10.81,10.77,10.77,1522500,10.8048,
2026-07-16 13:25:00,10.77,10.81,10.77,10.81,1175900,10.8048,
2026-07-16 13:30:00,10.81,10.82,10.8,10.81,1201900,10.804599999999999,
2026-07-16 13:35:00,10.81,10.81,10.79,10.8,618200,10.804200000000002,
2026-07-16 13:40:00,10.79,10.8,10.78,10.79,769100,10.803799999999999,
2026-07-16 13:45:00,10.79,10.8,10.79,10.79,927800,10.803199999999999,
2026-07-16 13:50:00,10.8,10.81,10.79,10.8,953800,10.8026,
2026-07-16 13:55:00,10.8,10.8,10.77,10.77,1041500,10.801400000000001,
2026-07-16 14:00:00,10.78,10.79,10.77,10.79,1026900,10.8002,
2026-07-16 14:05:00,10.79,10.79,10.77,10.78,730000,10.799,
2026-07-16 14:10:00,10.78,10.78,10.75,10.76,814669,10.797199999999998,
2026-07-16 14:15:00,10.76,10.77,10.76,10.77,565689,10.7956,
2026-07-16 14:20:00,10.76,10.77,10.75,10.76,573600,10.794,
2026-07-16 14:25:00,10.76,10.77,10.75,10.76,858700,10.792200000000001,
2026-07-16 14:30:00,10.76,10.76,10.75,10.76,1307100,10.7906,
2026-07-16 14:35:00,10.75,10.77,10.74,10.74,1401200,10.7884,
2026-07-16 14:40:00,10.75,10.75,10.73,10.73,1614400,10.785800000000002,
2026-07-16 14:45:00,10.75,10.77,10.74,10.77,1599300,10.7842,
2026-07-16 14:50:00,10.77,10.77,10.75,10.75,1440100,10.782,
2026-07-16 14:55:00,10.75,10.76,10.74,10.76,2127100,10.7804,
2026-07-16 15:00:00,10.74,10.77,10.74,10.77,1326668,10.778999999999998,
2026-07-17 09:35:00,10.75,10.87,10.74,10.86,9868700,10.7794,
2026-07-17 09:40:00,10.86,10.87,10.82,10.85,4147300,10.7796,
2026-07-17 09:45:00,10.86,10.86,10.82,10.86,2441800,10.7796,
2026-07-17 09:50:00,10.86,10.87,10.84,10.84,2829300,10.779599999999999,
2026-07-17 09:55:00,10.85,10.86,10.8,10.81,2227500,10.7794,
2026-07-17 10:00:00,10.81,10.82,10.79,10.8,1839800,10.778999999999998,
2026-07-17 10:05:00,10.81,10.81,10.78,10.79,2269900,10.778400000000001,
2026-07-17 10:10:00,10.78,10.8,10.77,10.8,1453758,10.778599999999999,
2026-07-17 10:15:00,10.8,10.82,10.8,10.8,1088400,10.779199999999998,
2026-07-17 10:20:00,10.8,10.82,10.79,10.82,1612595,10.7808,
2026-07-17 10:25:00,10.81,10.85,10.81,10.84,2052876,10.7828,
2026-07-17 10:30:00,10.83,10.84,10.82,10.83,993700,10.784600000000001,
2026-07-17 10:35:00,10.83,10.84,10.82,10.84,2104700,10.7866,
2026-07-17 10:40:00,10.84,10.85,10.82,10.82,1677100,10.788200000000002,
2026-07-17 10:45:00,10.83,10.85,10.82,10.84,1280659,10.7892,
2026-07-17 10:50:00,10.84,10.85,10.83,10.83,1391978,10.79,
2026-07-17 10:55:00,10.83,10.84,10.82,10.83,976504,10.791200000000002,
2026-07-17 11:00:00,10.83,10.83,10.78,10.79,1196500,10.7918,
2026-07-17 11:05:00,10.79,10.81,10.78,10.79,1080800,10.7924,
2026-07-17 11:10:00,10.79,10.82,10.78,10.81,1441100,10.793600000000001,
2026-07-17 11:15:00,10.81,10.83,10.81,10.82,1060400,10.795,
2026-07-17 11:20:00,10.82,10.84,10.81,10.83,1106900,10.7962,
2026-07-17 11:25:00,10.82,10.83,10.81,10.81,994300,10.796999999999999,
2026-07-17 11:30:00,10.81,10.83,10.81,10.81,752700,10.7976,
2026-07-17 13:05:00,10.81,10.83,10.8,10.82,1775200,10.798399999999999,
2026-07-17 13:10:00,10.81,10.83,10.8,10.83,1150200,10.7994,
2026-07-17 13:15:00,10.83,10.84,10.82,10.84,1279826,10.8006,
2026-07-17 13:20:00,10.83,10.84,10.82,10.83,1652600,10.8014,
2026-07-17 13:25:00,10.83,10.84,10.81,10.82,1320400,10.802,
2026-07-17 13:30:00,10.82,10.82,10.78,10.8,1649000,10.8026,
2026-07-17 13:35:00,10.8,10.8,10.78,10.78,1940907,10.802,
2026-07-17 13:40:00,10.79,10.79,10.75,10.77,2409993,10.801200000000001,
2026-07-17 13:45:00,10.77,10.78,10.74,10.74,2520400,10.8,
2026-07-17 13:50:00,10.74,10.75,10.72,10.73,3481606,10.798800000000002,
2026-07-17 13:55:00,10.75,10.77,10.74,10.76,1658100,10.798200000000001,
2026-07-17 14:00:00,10.76,10.76,10.73,10.75,2060400,10.7972,10.72925
2026-07-17 14:05:00,10.75,10.76,10.73,10.74,2535500,10.796599999999998,10.730350000000001
2026-07-17 14:10:00,10.74,10.78,10.74,10.78,1853900,10.7964,10.73165
2026-07-17 14:15:00,10.79,10.8,10.77,10.79,1612200,10.796600000000002,10.7331
2026-07-17 14:20:00,10.79,10.82,10.78,10.82,2011353,10.7978,10.734549999999999
2026-07-17 14:25:00,10.82,10.85,10.82,10.84,3979915,10.799199999999999,10.736200000000002
2026-07-17 14:30:00,10.84,10.87,10.84,10.85,7229500,10.800999999999998,10.737850000000002
2026-07-17 14:35:00,10.86,10.86,10.84,10.84,2847743,10.8026,10.73945
2026-07-17 14:40:00,10.85,10.86,10.84,10.86,3119400,10.8046,10.7411
2026-07-17 14:45:00,10.85,10.86,10.83,10.84,4015400,10.806599999999998,10.7426
2026-07-17 14:50:00,10.83,10.85,10.81,10.83,2895300,10.808599999999998,10.74405
2026-07-17 14:55:00,10.83,10.83,10.78,10.79,2604700,10.809,10.745349999999998
2026-07-17 15:00:00,10.79,10.8,10.78,10.78,2057088,10.8096,10.746649999999999
2026-07-20 09:35:00,10.75,10.87,10.75,10.84,9809911,10.8112,10.748199999999999
2026-07-20 09:40:00,10.85,10.85,10.82,10.84,3543400,10.8126,10.7497
2026-07-20 09:45:00,10.82,10.89,10.82,10.88,5591359,10.812999999999999,10.7514
2026-07-20 09:50:00,10.89,10.95,10.88,10.95,6901800,10.815,10.75345
2026-07-20 09:55:00,10.94,10.95,10.91,10.94,4392092,10.8166,10.755450000000002
2026-07-20 10:00:00,10.95,10.95,10.92,10.93,3073230,10.818400000000002,10.7574
2026-07-20 10:05:00,10.92,10.93,10.88,10.88,3538900,10.8198,10.75905
2026-07-20 10:10:00,10.88,10.94,10.88,10.93,3124700,10.8224,10.761000000000001
2026-07-20 10:15:00,10.92,10.94,10.92,10.93,1941500,10.8252,10.76285
2026-07-20 10:20:00,10.92,10.94,10.91,10.93,2052600,10.8278,10.7647
2026-07-20 10:25:00,10.93,10.94,10.92,10.93,3033309,10.8304,10.766650000000002
2026-07-20 10:30:00,10.93,10.93,10.91,10.91,1750800,10.8322,10.76825
2026-07-20 10:35:00,10.91,10.94,10.91,10.92,2953920,10.833799999999998,10.770050000000001
2026-07-20 10:40:00,10.93,10.94,10.91,10.94,3794100,10.836000000000002,10.7718
2026-07-20 10:45:00,10.94,10.95,10.93,10.94,1827314,10.838,10.77355
2026-07-20 10:50:00,10.94,10.95,10.94,10.94,2390500,10.840399999999999,10.775249999999998
2026-07-20 10:55:00,10.94,10.96,10.94,10.95,2401400,10.8426,10.777000000000001
2026-07-20 11:00:00,10.95,10.96,10.92,10.94,1381000,10.8448,10.7788
2026-07-20 11:05:00,10.94,10.94,10.89,10.89,2164800,10.845999999999998,10.78025
2026-07-20 11:10:00,10.9,10.93,10.9,10.93,3881700,10.848799999999999,10.781899999999998
2026-07-20 11:15:00,10.93,10.94,10.92,10.94,969639,10.8518,10.7836
2026-07-20 11:20:00,10.94,10.94,10.92,10.93,1047301,10.854199999999999,10.7852
2026-07-20 11:25:00,10.93,10.96,10.93,10.94,3271700,10.8566,10.78685
2026-07-20 11:30:00,10.95,10.96,10.94,10.95,1074200,10.858999999999998,10.7885
2026-07-20 13:05:00,10.95,10.95,10.93,10.95,3166600,10.8618,10.790149999999999
2026-07-20 13:10:00,10.95,10.96,10.94,10.95,1957100,10.864600000000001,10.7917
2026-07-20 13:15:00,10.95,11.0,10.94,10.97,13628336,10.8676,10.793399999999998
2026-07-20 13:20:00,10.98,10.99,10.95,10.96,3853200,10.8702,10.795
2026-07-20 13:25:00,10.97,10.97,10.96,10.97,1001000,10.8728,10.79665
2026-07-20 13:30:00,10.96,10.98,10.96,10.98,1126899,10.875800000000002,10.798399999999999
2026-07-20 13:35:00,10.98,11.0,10.97,10.99,7248400,10.8792,10.8001
2026-07-20 13:40:00,10.99,11.0,10.96,10.97,3546600,10.8826,10.801799999999998
2026-07-20 13:45:00,10.96,10.98,10.94,10.95,2155059,10.886,10.80355
2026-07-20 13:50:00,10.94,10.95,10.91,10.95,2380800,10.8896,10.805299999999999
2026-07-20 13:55:00,10.95,10.96,10.93,10.94,1412900,10.8936,10.807
2026-07-20 14:00:00,10.94,10.94,10.91,10.93,1568700,10.8976,10.80865
2026-07-20 14:05:00,10.93,10.95,10.92,10.94,1791800,10.9012,10.810349999999998
2026-07-20 14:10:00,10.93,10.95,10.93,10.93,1330995,10.904799999999998,10.81215
2026-07-20 14:15:00,10.93,10.93,10.88,10.9,4213605,10.908000000000001,10.81375
2026-07-20 14:20:00,10.89,10.92,10.88,10.91,1704000,10.910599999999999,10.8153
2026-07-20 14:25:00,10.92,10.92,10.89,10.89,2334000,10.9126,10.81665
2026-07-20 14:30:00,10.89,10.98,10.89,10.97,6173295,10.9156,10.818299999999999
2026-07-20 14:35:00,10.97,10.99,10.95,10.97,5892400,10.918200000000002,10.81995
2026-07-20 14:40:00,10.97,10.98,10.95,10.97,2215100,10.9206,10.82155
2026-07-20 14:45:00,10.97,10.98,10.96,10.97,3241000,10.9232,10.8231
2026-07-20 14:50:00,10.96,10.99,10.96,10.98,3563300,10.9256,10.8247
2026-07-20 14:55:00,10.97,10.99,10.97,10.99,2907801,10.928600000000001,10.82625
2026-07-20 15:00:00,10.98,10.98,10.97,10.98,2406328,10.931600000000001,10.827749999999998
2026-07-21 09:35:00,10.99,11.04,10.96,11.02,12770653,10.936200000000001,10.82935
2026-07-21 09:40:00,11.02,11.03,10.94,10.99,13765800,10.9404,10.83085
2026-07-21 09:45:00,10.98,11.05,10.98,11.04,7011401,10.9444,10.8326
2026-07-21 09:50:00,11.04,11.08,11.03,11.07,8660500,10.949000000000002,10.83455
2026-07-21 09:55:00,11.07,11.1,11.07,11.09,8539519,10.953199999999999,10.836549999999999
2026-07-21 10:00:00,11.09,11.1,11.08,11.09,5224500,10.956,10.83855
2026-07-21 10:05:00,11.09,11.12,11.09,11.12,8315700,10.9596,10.8407
2026-07-21 10:10:00,11.11,11.13,11.1,11.12,5432083,10.9634,10.842849999999999
2026-07-21 10:15:00,11.12,11.13,11.07,11.09,5715520,10.9676,10.84475
2026-07-21 10:20:00,11.08,11.1,11.06,11.1,3416300,10.970999999999998,10.84635
2026-07-21 10:25:00,11.1,11.1,11.03,11.06,4417100,10.9736,10.8478
2026-07-21 10:30:00,11.06,11.06,11.03,11.03,2353600,10.9756,10.849400000000001
2026-07-21 10:35:00,11.03,11.03,11.0,11.0,3698601,10.977,10.8505
2026-07-21 10:40:00,11.01,11.01,10.94,10.95,4685200,10.9778,10.85145
2026-07-21 10:45:00,10.95,11.0,10.94,10.99,3141100,10.9792,10.852450000000001
2026-07-21 10:50:00,10.99,11.0,10.91,10.92,5677400,10.9788,10.852900000000002
2026-07-21 10:55:00,10.92,10.97,10.91,10.96,3328796,10.9792,10.853699999999998
2026-07-21 11:00:00,10.96,10.97,10.94,10.95,1798500,10.979399999999998,10.85445
2026-07-21 11:05:00,10.96,10.97,10.91,10.92,2966100,10.978800000000001,10.855250000000002
2026-07-21 11:10:00,10.91,10.93,10.9,10.9,4006731,10.978,10.856
2026-07-21 11:15:00,10.9,10.93,10.9,10.92,2352890,10.978599999999998,10.85675
2026-07-21 11:20:00,10.91,10.92,10.89,10.91,2381269,10.978200000000001,10.8574
2026-07-21 11:25:00,10.91,10.92,10.87,10.87,2543500,10.9768,10.857850000000001
2026-07-21 11:30:00,10.87,10.88,10.86,10.87,2124400,10.9756,10.8582
2026-07-21 13:05:00,10.87,10.87,10.83,10.87,5418400,10.974199999999998,10.858550000000001
2026-07-21 13:10:00,10.86,10.9,10.86,10.87,2363900,10.9726,10.8589
2026-07-21 13:15:00,10.87,10.9,10.86,10.9,3147753,10.9716,10.859399999999999
2026-07-21 13:20:00,10.89,10.9,10.87,10.89,2125800,10.9704,10.859850000000002
2026-07-21 13:25:00,10.89,10.91,10.87,10.88,2010100,10.968600000000002,10.8603
2026-07-21 13:30:00,10.87,10.89,10.87,10.88,1620500,10.967,10.8607
2026-07-21 13:35:00,10.87,10.88,10.85,10.88,2213100,10.9652,10.86115
2026-07-21 13:40:00,10.88,10.88,10.86,10.86,1029600,10.9628,10.861400000000001
2026-07-21 13:45:00,10.86,10.88,10.85,10.87,1612284,10.9604,10.861749999999999
2026-07-21 13:50:00,10.87,10.88,10.85,10.86,1629700,10.958200000000001,10.862050000000002
2026-07-21 13:55:00,10.87,10.87,10.86,10.86,1267500,10.956399999999999,10.8623
2026-07-21 14:00:00,10.86,10.87,10.85,10.87,1704700,10.954799999999999,10.86255
2026-07-21 14:05:00,10.87,10.87,10.86,10.87,1354200,10.953399999999998,10.8628
2026-07-21 14:10:00,10.87,10.87,10.86,10.86,1333800,10.952,10.863050000000001
2026-07-21 14:15:00,10.86,10.87,10.85,10.85,1936200,10.9502,10.863199999999999
2026-07-21 14:20:00,10.86,10.86,10.84,10.85,2910700,10.9486,10.863299999999999
2026-07-21 14:25:00,10.84,10.85,10.84,10.84,1052300,10.9474,10.86335
2026-07-21 14:30:00,10.85,10.86,10.84,10.86,2290800,10.946399999999999,10.863399999999999
2026-07-21 14:35:00,10.85,10.86,10.84,10.85,1888606,10.945599999999999,10.86345
2026-07-21 14:40:00,10.85,10.86,10.84,10.86,1659700,10.943399999999999,10.863499999999998
2026-07-21 14:45:00,10.86,10.86,10.85,10.85,1219100,10.940999999999999,10.863499999999998
2026-07-21 14:50:00,10.85,10.86,10.84,10.85,3063800,10.938600000000001,10.86355
2026-07-21 14:55:00,10.85,10.85,10.83,10.84,3668100,10.936,10.863499999999998
2026-07-21 15:00:00,10.85,10.87,10.84,10.84,2663482,10.9332,10.863499999999998
2026-07-22 09:35:00,10.81,10.82,10.77,10.81,8582700,10.9296,10.863299999999999
2026-07-22 09:40:00,10.81,10.84,10.78,10.84,5476022,10.926799999999998,10.863199999999999
2026-07-22 09:45:00,10.83,10.86,10.8,10.81,3314300,10.9226,10.863
2026-07-22 09:50:00,10.8,10.82,10.77,10.79,3594080,10.9186,10.862649999999999
2026-07-22 09:55:00,10.78,10.86,10.78,10.86,3925500,10.915,10.86275
2026-07-22 10:00:00,10.85,10.88,10.84,10.86,4097525,10.9108,10.862849999999998
2026-07-22 10:05:00,10.87,10.87,10.82,10.84,2742100,10.905800000000001,10.862849999999998
2026-07-22 10:10:00,10.84,10.87,10.84,10.86,1642638,10.9012,10.862950000000001
2026-07-22 10:15:00,10.87,10.87,10.83,10.84,1813500,10.8956,10.862850000000002
2026-07-22 10:20:00,10.84,10.85,10.8,10.81,1651800,10.8894,10.8627
2026-07-22 10:25:00,10.81,10.83,10.79,10.8,2041400,10.8836,10.8626
2026-07-22 10:30:00,10.8,10.83,10.8,10.81,1248500,10.8778,10.862549999999999
2026-07-22 10:35:00,10.8,10.88,10.79,10.87,3381580,10.874,10.8628
2026-07-22 10:40:00,10.87,10.91,10.87,10.88,3052800,10.871000000000002,10.863249999999999
2026-07-22 10:45:00,10.89,10.91,10.88,10.9,1323700,10.869000000000002,10.8639
2026-07-22 10:50:00,10.9,10.93,10.89,10.91,2956596,10.8682,10.86475
2026-07-22 10:55:00,10.92,10.92,10.88,10.9,1375769,10.866399999999999,10.865549999999999
2026-07-22 11:00:00,10.9,10.92,10.89,10.9,1341900,10.866,10.86635
2026-07-22 11:05:00,10.91,10.92,10.89,10.89,857600,10.864600000000001,10.867099999999999
2026-07-22 11:10:00,10.89,10.9,10.86,10.88,1535511,10.8632,10.867799999999999
2026-07-22 11:15:00,10.88,10.88,10.85,10.85,857700,10.861799999999999,10.8681
2026-07-22 11:20:00,10.86,10.86,10.84,10.85,1208600,10.8608,10.868400000000001
2026-07-22 11:25:00,10.85,10.85,10.84,10.85,1187600,10.8594,10.8688
2026-07-22 11:30:00,10.85,10.86,10.84,10.85,698306,10.8582,10.86925
2026-07-22 13:05:00,10.85,10.87,10.84,10.86,2392076,10.857999999999999,10.869750000000002
2026-07-22 13:10:00,10.86,10.89,10.85,10.88,1725880,10.858200000000002,10.8704
2026-07-22 13:15:00,10.88,10.9,10.88,10.9,961900,10.8588,10.87115
2026-07-22 13:20:00,10.9,10.92,10.89,10.9,1733800,10.8594,10.8718
2026-07-22 13:25:00,10.91,10.96,10.91,10.96,4432500,10.8606,10.872750000000002
2026-07-22 13:30:00,10.95,10.96,10.94,10.94,2974100,10.8616,10.87355
2026-07-22 13:35:00,10.95,10.96,10.94,10.94,1727900,10.8628,10.87435
2026-07-22 13:40:00,10.93,10.95,10.92,10.93,1337300,10.8638,10.8751
2026-07-22 13:45:00,10.94,10.95,10.92,10.92,823400,10.864600000000001,10.8758
2026-07-22 13:50:00,10.93,10.94,10.92,10.94,789400,10.8662,10.87655
2026-07-22 13:55:00,10.94,10.96,10.94,10.96,2067990,10.868,10.8774
2026-07-22 14:00:00,10.96,10.96,10.95,10.96,1500700,10.87,10.878350000000001
2026-07-22 14:05:00,10.96,10.98,10.95,10.97,2858200,10.8722,10.87915
2026-07-22 14:10:00,10.97,10.97,10.96,10.96,1250800,10.874,10.8799
2026-07-22 14:15:00,10.97,10.98,10.96,10.97,1638300,10.876000000000001,10.880749999999999
2026-07-22 14:20:00,10.97,10.97,10.94,10.94,1719100,10.8776,10.881499999999999
2026-07-22 14:25:00,10.94,10.95,10.92,10.93,1825910,10.8792,10.882200000000001
2026-07-22 14:30:00,10.92,10.95,10.92,10.94,1214600,10.880999999999998,10.882900000000001
2026-07-22 14:35:00,10.94,10.94,10.92,10.94,1980200,10.883,10.88375
2026-07-22 14:40:00,10.94,10.95,10.94,10.94,834900,10.8846,10.884499999999997
2026-07-22 14:45:00,10.95,10.96,10.94,10.96,1200900,10.886800000000001,10.885399999999999
2026-07-22 14:50:00,10.96,10.96,10.94,10.95,1209991,10.888600000000002,10.88635
2026-07-22 14:55:00,10.95,10.96,10.95,10.95,1880020,10.8906,10.88725
2026-07-22 15:00:00,10.95,10.98,10.95,10.98,2960800,10.8932,10.88835
2026-07-23 09:35:00,10.92,11.0,10.9,10.97,6515850,10.895800000000001,10.889399999999998
2026-07-23 09:40:00,10.95,10.99,10.92,10.98,3520000,10.898600000000002,10.8905
2026-07-23 09:45:00,10.99,11.0,10.97,10.98,2534200,10.901999999999997,10.891699999999998
2026-07-23 09:50:00,10.97,11.02,10.97,11.01,3544973,10.9054,10.893099999999999
2026-07-23 09:55:00,11.01,11.01,10.97,10.99,2720440,10.908999999999999,10.894199999999998
2026-07-23 10:00:00,10.99,11.01,10.97,11.01,2808660,10.913400000000001,10.8955
2026-07-23 10:05:00,11.01,11.05,11.0,11.03,4998400,10.9168,10.896849999999999
2026-07-23 10:10:00,11.03,11.04,10.99,11.01,2843900,10.9198,10.898050000000001
2026-07-23 10:15:00,11.0,11.01,10.98,10.99,1359000,10.9228,10.898699999999998
2026-07-23 10:20:00,10.99,11.02,10.99,11.01,1132000,10.925800000000002,10.8995
2026-07-23 10:25:00,11.01,11.04,10.99,11.04,1981200,10.9298,10.9004
2026-07-23 10:30:00,11.03,11.04,11.02,11.03,1343400,10.934199999999999,10.90135
2026-07-23 10:35:00,11.03,11.07,11.02,11.05,3919399,10.939200000000001,10.902549999999998
2026-07-23 10:40:00,11.06,11.07,11.03,11.07,2136628,10.944399999999998,10.9039
2026-07-23 10:45:00,11.06,11.06,11.04,11.05,1740700,10.948,10.9052
2026-07-23 10:50:00,11.06,11.07,11.04,11.07,2311500,10.951799999999999,10.90655
2026-07-23 10:55:00,11.06,11.07,11.06,11.06,1489900,10.955,10.907849999999998
2026-07-23 11:00:00,11.07,11.07,11.06,11.07,1788200,10.9582,10.9091
2026-07-23 11:05:00,11.06,11.09,11.06,11.08,3765375,10.9618,10.9103
2026-07-23 11:10:00,11.08,11.09,11.07,11.07,2342900,10.965200000000003,10.9115
2026-07-23 11:15:00,11.08,11.09,11.05,11.05,2693925,10.968399999999999,10.91255
2026-07-23 11:20:00,11.05,11.09,11.05,11.09,1900600,10.9726,10.913900000000002
2026-07-23 11:25:00,11.09,11.1,11.08,11.09,3158200,10.9774,10.91515
2026-07-23 11:30:00,11.1,11.1,11.08,11.09,3611600,10.9822,10.91645
2026-07-23 13:05:00,11.09,11.1,11.07,11.1,5532557,10.9872,10.9178
2026-07-23 13:10:00,11.1,11.12,11.09,11.1,6026943,10.9922,10.919350000000001
2026-07-23 13:15:00,11.1,11.12,11.1,11.1,2149001,10.996999999999998,10.9209
2026-07-23 13:20:00,11.1,11.12,11.1,11.11,1548400,11.001599999999998,10.9224
2026-07-23 13:25:00,11.12,11.12,11.08,11.09,1575000,11.0054,10.92375
2026-07-23 13:30:00,11.09,11.09,11.06,11.07,1671700,11.0088,10.92495
2026-07-23 13:35:00,11.07,11.08,11.03,11.03,2228900,11.0102,10.926049999999998
2026-07-23 13:40:00,11.03,11.05,11.03,11.03,1484500,11.012,10.92715
2026-07-23 13:45:00,11.03,11.05,11.02,11.05,1705106,11.0142,10.928300000000002
2026-07-23 13:50:00,11.04,11.06,11.04,11.05,1176900,11.0166,10.929399999999998
2026-07-23 13:55:00,11.06,11.06,11.05,11.06,522000,11.019399999999997,10.9305
2026-07-23 14:00:00,11.06,11.07,11.05,11.06,971100,11.0218,10.93165
2026-07-23 14:05:00,11.05,11.08,11.05,11.07,1297700,11.024,10.9329
2026-07-23 14:10:00,11.07,11.08,11.07,11.08,1215000,11.026399999999999,10.934299999999999
2026-07-23 14:15:00,11.07,11.09,11.07,11.08,766500,11.0286,10.935799999999999
2026-07-23 14:20:00,11.08,11.09,11.07,11.08,826400,11.030999999999999,10.937350000000002
2026-07-23 14:25:00,11.08,11.1,11.08,11.09,2356200,11.033399999999999,10.939099999999998
2026-07-23 14:30:00,11.09,11.1,11.09,11.09,1016400,11.0364,10.9409
2026-07-23 14:35:00,11.09,11.1,11.08,11.1,1422236,11.0398,10.9426
2026-07-23 14:40:00,11.09,11.1,11.08,11.08,1373400,11.0426,10.94425
2026-07-23 14:45:00,11.08,11.09,11.07,11.07,1674600,11.0452,10.9459
2026-07-23 14:50:00,11.08,11.09,11.07,11.08,1421734,11.048,10.9474
2026-07-23 14:55:00,11.08,11.09,11.07,11.08,1672841,11.0504,10.94885
2026-07-23 15:00:00,11.09,11.09,11.07,11.08,1778200,11.052999999999999,10.950149999999999
2026-07-24 09:35:00,11.09,11.17,11.09,11.11,12405300,11.0562,10.9515
2026-07-24 09:40:00,11.12,11.15,11.09,11.15,4568855,11.0596,10.953
2026-07-24 09:45:00,11.15,11.15,11.12,11.13,4403400,11.0628,10.954450000000001
2026-07-24 09:50:00,11.12,11.16,11.12,11.14,5526266,11.065999999999999,10.95585
2026-07-24 09:55:00,11.14,11.14,11.09,11.09,2418200,11.068200000000001,10.9571
2026-07-24 10:00:00,11.09,11.15,11.09,11.14,2848292,11.070800000000002,10.95865
2026-07-24 10:05:00,11.14,11.16,11.14,11.14,3517100,11.0738,10.9604
2026-07-24 10:10:00,11.15,11.15,11.13,11.13,2648600,11.076200000000002,10.96215
2026-07-24 10:15:00,11.13,11.15,11.11,11.14,2408900,11.078399999999998,10.96365
2026-07-24 10:20:00,11.14,11.15,11.13,11.15,1577600,11.081199999999999,10.9652
2026-07-24 10:25:00,11.14,11.15,11.13,11.14,2852661,11.0842,10.966499999999998
2026-07-24 10:30:00,11.13,11.14,11.11,11.12,3890439,11.0864,10.967350000000001
2026-07-24 10:35:00,11.12,11.14,11.12,11.14,3383882,11.088400000000002,10.968350000000001
2026-07-24 10:40:00,11.13,11.14,11.11,11.13,2460900,11.090400000000002,10.969350000000002
2026-07-24 10:45:00,11.13,11.14,11.11,11.12,1663200,11.091800000000001,10.970550000000001
2026-07-24 10:50:00,11.12,11.14,11.11,11.14,1894763,11.093200000000001,10.971599999999999
2026-07-24 10:55:00,11.13,11.14,11.12,11.14,1272200,11.095,10.972649999999998
2026-07-24 11:00:00,11.14,11.14,11.12,11.14,2096000,11.096400000000001,10.973700000000001
2026-07-24 11:05:00,11.14,11.15,11.12,11.13,3322708,11.0978,10.974699999999999
2026-07-24 11:10:00,11.13,11.14,11.12,11.13,836700,11.099,10.9758
2026-07-24 11:15:00,11.13,11.14,11.12,11.13,793000,11.1,10.976849999999999
2026-07-24 11:20:00,11.13,11.14,11.12,11.13,1527817,11.101199999999999,10.9778
2026-07-24 11:25:00,11.12,11.14,11.12,11.13,956500,11.1028,10.97875
2026-07-24 11:30:00,11.13,11.14,11.12,11.13,1036640,11.103599999999998,10.979700000000001
2026-07-24 13:05:00,11.13,11.13,11.1,11.12,2835900,11.1042,10.980550000000001
2026-07-24 13:10:00,11.11,11.13,11.09,11.12,2280600,11.104800000000001,10.98145
2026-07-24 13:15:00,11.12,11.13,11.1,11.12,1647000,11.1052,10.9826
2026-07-24 13:20:00,11.13,11.13,11.12,11.12,1531200,11.105599999999999,10.983550000000001
2026-07-24 13:25:00,11.12,11.13,11.12,11.13,746760,11.106200000000001,10.9845
2026-07-24 13:30:00,11.12,11.13,11.11,11.13,1684000,11.1066,10.9855
2026-07-24 13:35:00,11.12,11.13,11.12,11.13,1619200,11.1074,10.986450000000001
2026-07-24 13:40:00,11.12,11.13,11.12,11.13,1146600,11.1086,10.98735
2026-07-24 13:45:00,11.13,11.14,11.12,11.13,2551300,11.1106,10.98825
2026-07-24 13:50:00,11.13,11.14,11.12,11.12,1425400,11.112400000000001,10.989099999999999
2026-07-24 13:55:00,11.13,11.14,11.12,11.13,2143809,11.113999999999999,10.9899
2026-07-24 14:00:00,11.14,11.14,11.12,11.13,995200,11.115599999999999,10.99075
2026-07-24 14:05:00,11.13,11.13,11.12,11.12,1505300,11.116800000000001,10.9915
2026-07-24 14:10:00,11.13,11.13,11.12,11.12,780100,11.118,10.9922
2026-07-24 14:15:00,11.12,11.12,11.11,11.11,2190500,11.1188,10.992799999999999
2026-07-24 14:20:00,11.11,11.12,11.11,11.12,1434100,11.1196,10.99355
2026-07-24 14:25:00,11.12,11.12,11.11,11.12,1205900,11.1204,10.994399999999999
2026-07-24 14:30:00,11.12,11.12,11.11,11.11,1304500,11.121000000000002,10.9952
2026-07-24 14:35:00,11.11,11.12,11.11,11.12,1744500,11.1216,10.996099999999998
2026-07-24 14:40:00,11.12,11.12,11.11,11.12,1458200,11.1222,10.997050000000002
2026-07-24 14:45:00,11.12,11.12,11.1,11.11,1616260,11.1224,10.9979
2026-07-24 14:50:00,11.1,11.11,11.1,11.11,2869400,11.123000000000001,10.9988
2026-07-24 14:55:00,11.11,11.11,11.09,11.11,3547870,11.1238,10.999850000000002
2026-07-24 15:00:00,11.11,11.12,11.09,11.1,3519770,11.1242,11.0008
2026-07-27 09:35:00,11.11,11.14,11.07,11.13,5523700,11.1252,11.002
2026-07-27 09:40:00,11.14,11.16,11.11,11.13,5696200,11.126199999999999,11.002800000000002
2026-07-27 09:45:00,11.12,11.13,11.1,11.13,2913596,11.126599999999998,11.003599999999999
2026-07-27 09:50:00,11.12,11.14,11.11,11.13,4190300,11.126199999999999,11.0044
2026-07-27 09:55:00,11.14,11.14,11.07,11.08,3631800,11.1252,11.00495
2026-07-27 10:00:00,11.07,11.1,11.04,11.05,4710480,11.123399999999998,11.0053
2026-07-27 10:05:00,11.05,11.11,11.04,11.09,4747100,11.123399999999998,11.0058
2026-07-27 10:10:00,11.1,11.1,11.07,11.1,2060500,11.1226,11.006400000000001
2026-07-27 10:15:00,11.09,11.11,11.08,11.09,3064656,11.1216,11.00675
2026-07-27 10:20:00,11.1,11.1,11.07,11.07,2409340,11.1204,11.00715
2026-07-27 10:25:00,11.07,11.1,11.06,11.09,2146438,11.1194,11.0074
2026-07-27 10:30:00,11.09,11.1,11.06,11.06,1716100,11.1176,11.00735
2026-07-27 10:35:00,11.07,11.09,11.06,11.08,1502100,11.1164,11.0073
2026-07-27 10:40:00,11.08,11.1,11.07,11.08,876500,11.115600000000002,11.007249999999999
2026-07-27 10:45:00,11.08,11.08,11.05,11.07,1642616,11.114199999999999,11.007
2026-07-27 10:50:00,11.06,11.07,11.05,11.07,934093,11.113,11.00675
2026-07-27 10:55:00,11.07,11.09,11.06,11.07,651766,11.111999999999998,11.00665
2026-07-27 11:00:00,11.07,11.08,11.06,11.07,699600,11.1106,11.0065
2026-07-27 11:05:00,11.07,11.08,11.06,11.07,1120100,11.109200000000001,11.006549999999999
2026-07-27 11:10:00,11.07,11.07,11.05,11.06,804000,11.1076,11.0067
2026-07-27 11:15:00,11.07,11.07,11.05,11.07,928800,11.1064,11.00705
2026-07-27 11:20:00,11.07,11.08,11.06,11.07,616600,11.1052,11.007650000000002
2026-07-27 11:25:00,11.08,11.08,11.07,11.08,342300,11.1042,11.008099999999999
2026-07-27 11:30:00,11.08,11.09,11.07,11.08,949643,11.1032,11.008899999999999
2026-07-27 13:05:00,11.08,11.11,11.07,11.11,2233413,11.1028,11.00965
2026-07-27 13:10:00,11.1,11.14,11.1,11.13,2948620,11.1028,11.01055
2026-07-27 13:15:00,11.13,11.14,11.12,11.14,1344100,11.1032,11.01165
2026-07-27 13:20:00,11.14,11.14,11.12,11.13,2213200,11.1034,11.012800000000002
2026-07-27 13:25:00,11.13,11.15,11.12,11.14,1261684,11.103800000000001,11.013900000000001
2026-07-27 13:30:00,11.14,11.15,11.14,11.14,1224300,11.1042,11.015049999999999
2026-07-27 13:35:00,11.14,11.15,11.13,11.14,932800,11.1044,11.016399999999999
2026-07-27 13:40:00,11.14,11.15,11.13,11.15,1233700,11.104800000000001,11.0178
2026-07-27 13:45:00,11.15,11.15,11.14,11.14,1436368,11.105,11.019150000000002
2026-07-27 13:50:00,11.14,11.15,11.13,11.13,1120400,11.105,11.020449999999999
2026-07-27 13:55:00,11.12,11.15,11.12,11.15,1421600,11.1054,11.021700000000001
2026-07-27 14:00:00,11.14,11.14,11.13,11.14,848100,11.105800000000002,11.022949999999998
2026-07-27 14:05:00,11.14,11.15,11.13,11.13,2264400,11.105800000000002,11.0242
2026-07-27 14:10:00,11.14,11.14,11.13,11.14,1039200,11.106000000000002,11.0255
2026-07-27 14:15:00,11.14,11.14,11.13,11.14,1317000,11.1064,11.026800000000001
2026-07-27 14:20:00,11.14,11.14,11.1,11.11,2239900,11.106200000000001,11.028049999999999
2026-07-27 14:25:00,11.11,11.11,11.08,11.11,2328532,11.106200000000001,11.02925
2026-07-27 14:30:00,11.11,11.11,11.09,11.11,1763156,11.106,11.0305
2026-07-27 14:35:00,11.11,11.11,11.09,11.1,2632561,11.105599999999999,11.0317
2026-07-27 14:40:00,11.09,11.11,11.09,11.1,1642183,11.1054,11.032849999999998
2026-07-27 14:45:00,11.1,11.11,11.09,11.1,1691182,11.105,11.033999999999999
2026-07-27 14:50:00,11.1,11.11,11.09,11.11,2154502,11.104800000000001,11.035249999999998
2026-07-27 14:55:00,11.11,11.11,11.1,11.1,2036190,11.1046,11.036499999999998
2026-07-27 15:00:00,11.11,11.12,11.1,11.11,2510137,11.104599999999998,11.037799999999999
